frame,video_decode_ms,detector_wall_ms,detector_cpu_ms
1,25.152300018817186,4206.772,18312.5
2,8.664000022690743,4507.02,24437.5
3,6.830500031355768,3818.394,25625.0
4,6.807699974160641,4227.884,25515.625
5,6.27020001411438,3920.497,23828.125
6,4.936400044243783,3398.279,21343.75
7,4.650100017897785,3316.943,19984.375
8,5.216999968979508,3398.31,20062.5
9,4.717300005722791,3444.143,20406.25
10,4.7488000127486885,3340.152,19734.375
11,5.216899968218058,3201.526,19515.625
12,4.984300001524389,3259.781,20437.5
13,7.504499983042479,4163.994,26828.125
14,5.128699995111674,3528.308,21156.25
15,4.940899962093681,3375.532,20765.625
16,4.598199971951544,3568.024,20578.125
17,5.2155000157654285,3527.982,22000.0
18,5.192000011447817,3320.555,19656.25
19,4.658399964682758,3339.309,19296.875
20,5.386900040321052,3250.957,20062.5
21,4.8516999813728034,3244.232,20218.75
22,4.700099991168827,3291.321,20281.25
23,4.805800039321184,3698.079,21421.875
24,4.731499997433275,3369.439,20265.625
25,5.144700000528246,3358.589,20437.5
26,5.270099965855479,3432.584,20390.625
27,5.426899995654821,2854.485,19093.75
28,6.765800004359335,3578.33,22843.75
29,5.280299985315651,3377.881,20109.375
30,5.155699967872351,3253.822,19546.875
31,4.841800022404641,3293.568,20625.0
32,5.09519997285679,3238.1,19843.75
33,4.945099994074553,3329.182,19968.75
34,5.5114999995566905,3320.372,19890.625
35,4.732900008093566,3306.285,19937.5
36,4.829699988476932,3397.879,21078.125
37,4.503600008320063,3327.269,19468.75
38,4.980899975635111,3239.68,19796.875
39,4.655400000046939,3686.611,21500.0
40,6.242899980861694,4064.925,24859.375
41,5.662799987476319,3255.014,19890.625
42,4.45970002328977,3053.797,22218.75
43,6.250099977478385,3683.341,23640.625
44,4.8257000162266195,3464.808,20625.0
45,5.082700052298605,3317.232,19671.875
46,4.6098000020720065,3294.561,19812.5
47,4.779800015967339,2768.921,19859.375
48,7.133300008717924,3558.233,23406.25
49,5.060900002717972,3362.899,19984.375
50,5.416500032879412,3573.708,21328.125
51,5.6640999973751605,3351.126,20765.625
52,5.30710001476109,2790.543,19078.125
53,6.430000008549541,4104.124,25234.375
54,5.667899968102574,3831.322,23296.875
55,4.7355000278912485,3363.533,19828.125
56,4.853399994317442,2818.562,19750.0
57,6.802899995818734,3726.785,23671.875
58,4.671100003179163,3265.376,19515.625
59,4.975499992724508,3244.32,19734.375
60,5.171300028450787,3303.128,20125.0
61,4.954200005158782,3310.095,20062.5
62,5.347000027541071,3283.176,19640.625
63,4.762299999129027,3351.705,19406.25
64,4.8383999965153635,3251.87,19484.375
65,4.925299959722906,3379.471,19906.25
66,5.109800025820732,3192.957,18953.125
67,4.725800012238324,3414.956,19968.75
68,4.516300046816468,3310.826,19781.25
69,4.625700006727129,3395.546,20015.625
70,4.633800010196865,3264.562,20171.875
71,5.013099987991154,3242.708,19984.375
72,4.724300000816584,3281.111,20218.75
73,4.710300010628998,3345.337,20187.5
74,4.820900037884712,3676.01,20593.75
75,4.657800018321723,3371.561,19750.0
76,5.3949999855831265,3333.779,20375.0
77,4.7286999761126935,2774.158,19609.375
78,6.6210999502800405,3698.698,23968.75
79,4.7704000025987625,3330.278,19531.25
80,4.779299953952432,3332.099,19593.75
81,4.900600004475564,3286.085,20468.75
82,4.845899995416403,3267.949,19859.375
83,5.546899978071451,3314.84,19781.25
84,4.748700011987239,3345.458,19875.0
85,4.826200020033866,3374.705,20421.875
86,4.971399961505085,3624.689,21500.0
87,6.495799985714257,3736.429,22828.125
88,4.900500003714114,3406.484,20062.5
89,4.7633000067435205,3268.2,20203.125
90,4.7694999957457185,3292.162,20312.5
91,5.320800002664328,3302.774,20625.0
92,4.958399978931993,3364.684,20500.0
93,4.711300018243492,3300.563,20328.125
94,4.882399982307106,3377.477,20734.375
95,4.858600033912808,3330.021,20265.625
96,4.828099976293743,3366.68,19750.0
97,5.414100014604628,3265.197,19687.5
98,4.880800028331578,3335.171,20453.125
99,4.793900006916374,3371.669,19921.875
100,4.848200012929738,3342.498,20593.75
101,5.204599990975112,3472.517,20187.5
102,5.219200043939054,3328.97,20250.0
103,5.009000014979392,3281.657,19484.375
104,4.460600030142814,3382.214,20500.0
105,4.676599986851215,3394.012,20078.125
106,4.676999989897013,3361.406,20468.75
107,4.798799986019731,3419.864,20187.5
108,5.283099948428571,3398.395,20359.375
109,4.925700020976365,3190.275,18781.25
110,5.1377000054344535,3267.508,19796.875
111,4.83600003644824,3389.825,19062.5
112,5.215000011958182,3254.772,19531.25
113,4.723699996247888,2763.914,19328.125
114,6.690999958664179,3769.315,23765.625
115,5.997900036163628,3563.004,22000.0
116,4.9928000080399215,3316.707,19875.0
117,5.398200009949505,3349.651,20375.0
118,4.933299962431192,3463.542,21343.75
119,4.872299963608384,3254.792,20156.25
120,5.08189998799935,3309.178,19390.625
121,4.862300003878772,3369.596,19984.375
122,5.412799946498126,3593.248,21609.375
123,5.186399968806654,3362.837,20796.875
124,4.8102999571710825,3730.945,20671.875
125,4.824300005566329,3279.022,19937.5
126,5.316800030414015,3442.043,19609.375
127,5.103200033772737,3357.29,19718.75
128,4.922199994325638,3404.549,20890.625
129,5.284699960611761,2757.306,19296.875
130,6.45089999306947,3652.925,23859.375
131,4.7194999642670155,3441.157,20562.5
132,5.20339998183772,3354.161,20343.75
133,4.627199959941208,3265.363,19921.875
134,5.094299966003746,3225.779,19765.625
135,4.713999980594963,3318.815,20312.5
136,4.9300999962724745,3347.784,20203.125
137,4.6113000134937465,3405.59,20640.625
138,4.886700015049428,3419.306,20671.875
139,5.037800001446158,3070.761,20953.125
140,7.298099983017892,3777.933,23781.25
141,4.618299950379878,3246.368,19531.25
142,4.679400008171797,3390.667,20109.375
143,4.968499997630715,3361.706,20328.125
144,5.00329997157678,3322.213,20281.25
145,5.032900022342801,3298.844,19984.375
146,5.471399985253811,3286.738,20078.125
147,5.1164000178687274,3607.892,21687.5
148,5.579499993473291,3942.166,23593.75
149,5.3412000415846705,3964.621,23328.125
150,5.590899963863194,3832.821,24671.875
151,5.591600027401,3408.54,20890.625
152,4.878800013102591,3355.904,19843.75
153,4.536200023721904,3339.875,20625.0
154,4.591199976857752,3336.215,20203.125
155,4.953900002874434,3323.681,19609.375
156,4.858700034674257,3317.863,20203.125
157,5.032700020819902,3607.659,22406.25
158,4.880799970123917,4121.667,22062.5
159,6.425999978091568,3652.287,24109.375
160,7.41540000308305,3695.394,23953.125
161,5.188500043004751,3351.683,20859.375
162,4.737399984151125,3697.197,21406.25
163,5.316300026606768,3426.333,21343.75
164,4.8528999905101955,3317.743,20093.75
165,5.327499995473772,2819.637,19046.875
166,6.464000034611672,3915.845,24781.25
167,5.564999999478459,3628.698,21671.875
168,5.617200047709048,3537.175,21375.0
169,4.774099972564727,3294.741,18890.625
170,4.58110001636669,3485.328,19546.875
171,6.438500015065074,3840.586,24093.75
172,4.962600010912865,3346.336,19734.375
173,4.812500032130629,3188.185,19328.125
174,4.757900023832917,3135.607,19468.75
175,4.9845000030472875,11438.718,30125.0
176,69.8052000370808,81863.273,121328.125
177,101.37119999853894,98923.095,65015.625
178,51.30809999536723,46847.005,59328.125
179,63.277199980802834,48914.68,57468.75
180,32.28729998227209,41184.857,59343.75
181,33.922000031452626,45202.921,59156.25
182,37.65990003012121,34728.065,58734.375
183,33.111499971710145,27664.027,48171.875
184,5.65069995354861,3578.985,20109.375
185,5.202999978791922,2927.928,17140.625
186,5.441199988126755,2950.131,17562.5
187,5.006799998227507,3212.391,17796.875
188,4.688900022301823,3522.119,21687.5
189,6.310500029940158,3533.014,21656.25
190,4.755000001750886,3087.764,18703.125
191,5.224999971687794,3042.08,18203.125
192,4.854700004216284,3012.4,17562.5
193,5.086600023787469,3190.601,18890.625
194,4.5059999683871865,3022.444,18437.5
195,4.608399991411716,3051.77,18375.0
196,4.575400031171739,2966.712,18265.625
197,5.254800023976713,3020.429,18000.0
198,4.6242999960668385,3031.853,17703.125
199,4.464700003154576,3002.549,17921.875
200,4.541000002063811,2982.171,18015.625
201,4.7556000063195825,3145.966,18609.375
202,4.582000023219734,3009.751,19031.25
203,4.662299994379282,2483.284,17781.25
204,5.915299989283085,3329.183,20734.375
205,4.829499986954033,3025.515,18218.75
206,4.836400039494038,2645.844,18000.0
207,6.134600029326975,3224.798,20343.75
208,4.610600008163601,3002.252,18656.25
209,4.919699975289404,3115.968,19171.875
210,4.556600004434586,3112.93,18343.75
211,4.570399993099272,3038.15,18578.125
212,5.394899984821677,3364.873,19828.125
213,5.13669999781996,3243.879,19015.625
214,4.569899989292026,2602.078,18578.125
215,5.978600005619228,3386.737,21828.125
216,4.760799987707287,3082.284,18875.0
217,4.608699993696064,3105.37,18578.125
218,4.802199953701347,3109.685,18296.875
219,4.759499977808446,3337.335,19359.375
220,5.709099990781397,4246.264,24796.875
221,5.553599970880896,3932.137,23562.5
222,5.14849997125566,3243.05,19890.625
223,5.530000024009496,3446.298,20484.375
224,5.047300015576184,3168.799,18843.75
225,4.5039999531582,3246.029,19000.0
226,4.987800028175116,3254.35,19578.125
227,4.626800015103072,3120.844,18890.625
228,5.36179996561259,3181.092,20484.375
229,4.905999987386167,3128.492,18875.0
230,5.002700025215745,3478.531,19078.125
231,4.832199949305505,3186.464,18859.375
232,4.54110000282526,2623.49,18562.5
233,6.289199984166771,3703.817,22921.875
234,5.498400016222149,3656.177,21515.625
235,5.6285999598912895,3511.851,20625.0
236,6.045499991159886,4505.615,22328.125
237,7.503499975427985,4091.121,25453.125
238,5.4821999510750175,4768.309,24656.25
239,6.534599990118295,4799.235,22078.125
240,6.475500005763024,4260.869,25000.0
241,5.315000016707927,3757.015,21671.875
242,5.20489999325946,4089.052,22593.75
243,5.9513000305742025,3437.166,21703.125
244,4.865400027483702,3206.586,19031.25
245,4.71740000648424,3104.229,18640.625
246,5.734400008805096,3075.596,18906.25
247,4.634800017811358,3080.036,18640.625
248,5.060200055595487,3060.632,18625.0
249,4.722499987110496,3043.962,18078.125
250,4.939200007356703,3085.556,18140.625
251,5.1951000350527465,3077.765,18296.875
252,4.394299990963191,3085.239,18578.125
253,4.826199961826205,3008.37,18937.5
254,6.052899989299476,3348.989,21187.5
255,5.023800011258572,3487.811,19468.75
256,5.923599994275719,4590.159,25046.875
257,7.44499999564141,4587.452,25484.375
258,7.064100005663931,4434.934,25515.625
259,5.974900035653263,3978.308,23171.875
260,6.212599982973188,3824.216,23140.625
261,5.127000040374696,4266.347,22281.25
262,8.21689999429509,3545.372,22593.75
263,5.071900028269738,3046.151,17562.5
264,4.671400005463511,3103.056,18593.75
265,4.400399979203939,3046.883,18531.25
266,4.863599955569953,3065.849,18421.875
267,4.84190002316609,3034.727,17656.25
268,4.66849998338148,3039.977,18140.625
269,4.995199968107045,3154.715,19312.5
270,4.8183000180870295,3066.17,18578.125
271,5.215599958319217,3083.328,19171.875
272,4.656500008422881,2767.892,18625.0
273,6.526299985125661,3652.174,22562.5
274,5.156599974725395,3709.575,21687.5
275,4.696999967563897,2803.886,19296.875
276,6.577499967534095,3426.926,21781.25
277,5.143799993675202,3138.696,18796.875
278,5.136099993251264,2776.998,19609.375
279,6.344100052956492,3489.699,22000.0
280,4.6870000078342855,3198.829,18546.875
281,4.503400006797165,3044.603,18859.375
282,4.959500045515597,3111.485,19046.875
283,4.632600001059473,3314.379,20453.125
284,4.876599996350706,3207.302,19421.875
285,4.69520001206547,3290.975,19546.875
286,4.716199997346848,3387.963,19359.375
287,5.912800028454512,3229.705,19640.625
288,4.963100014720112,3199.564,20062.5
289,4.586099996231496,3294.624,19406.25
290,4.580500011797994,3201.645,19218.75
291,4.766799975186586,3199.649,19375.0
292,5.245200009085238,3145.815,19406.25
293,5.376600020099431,3325.382,19609.375
294,5.320299998857081,3476.163,21031.25
295,5.029300053138286,3275.552,19312.5
296,4.518800007645041,3230.017,19484.375
297,5.091899947728962,3227.637,20171.875
298,5.256499978713691,3211.823,19796.875
299,5.191400006879121,3204.777,19828.125
300,5.212599993683398,3257.886,19875.0
301,5.130500008817762,3497.617,20765.625
302,4.7494000173173845,3211.46,20015.625
303,4.836400039494038,3244.308,19437.5
304,4.881199973169714,3233.558,19187.5
305,4.593399993609637,2748.857,19109.375
306,6.728599953930825,4055.786,24828.125
307,6.140200013760477,3774.954,23343.75
308,4.9780000117607415,3191.185,19421.875
309,4.845699993893504,3389.694,20531.25
310,4.712900030426681,2698.003,19375.0
311,5.836499971337616,3621.726,22843.75
312,4.753099987283349,3194.28,19500.0
313,5.508699978236109,3213.523,19640.625
314,5.0493000308051705,3289.88,19656.25
315,5.15310000628233,3210.021,19796.875
316,5.6594000197947025,3670.962,20859.375
317,4.8593999817967415,3248.646,20406.25
318,4.97230002656579,3298.014,20250.0
319,5.113899998832494,3297.418,19343.75
320,4.646099987439811,3179.909,19640.625
321,5.237499950453639,3340.182,19640.625
322,4.999199998565018,3101.701,18375.0
323,4.902399959973991,3360.533,20296.875
324,4.526999953668565,3288.313,18859.375
325,5.278600030578673,3322.956,19734.375
326,5.383100011385977,3242.086,18546.875
327,4.470599989872426,3176.578,19171.875
328,4.858100030105561,3465.408,21312.5
329,5.107699951622635,3405.908,20734.375
330,5.2130999974906445,3617.431,22234.375
331,5.665800010319799,3416.364,20765.625
332,4.921299987472594,3325.587,20343.75
333,4.781100025866181,3229.672,20187.5
334,5.112599988933653,3248.104,19734.375
335,5.0546000129543245,3345.162,21203.125
336,4.878699954133481,3326.049,20671.875
337,4.9146999954245985,3319.234,20234.375
338,5.288400046993047,2797.003,19468.75
339,6.7517000134103,3728.213,23421.875
340,4.885400005150586,3282.021,20265.625
341,4.7765999916009605,3380.778,20343.75
342,5.071299965493381,3361.639,20437.5
343,4.6731000184081495,3268.517,19812.5
344,5.3792999824509025,3238.389,19953.125
345,4.658500023651868,3250.885,19703.125
346,6.7681000218726695,3329.707,20406.25
347,4.928500042296946,3259.27,19828.125
348,4.904599976725876,3680.232,21359.375
349,6.235199980437756,4131.15,24328.125
350,5.0669999909587204,3443.867,21281.25
351,5.10860001668334,3322.613,19812.5
352,5.131000012625009,3307.328,20359.375
353,5.437100015114993,3267.0,19656.25
354,4.676700045820326,3524.748,20296.875
355,4.887200018856674,3379.029,20593.75
356,4.709100001491606,3331.686,19765.625
357,4.838799999561161,3290.278,19390.625
358,4.7277999692596495,3245.692,19531.25
359,4.8047000309452415,3292.559,20468.75
360,4.89229999948293,3366.864,20125.0
361,4.820199974346906,3398.165,20250.0
362,4.922299995087087,3403.465,20890.625
363,5.14860003022477,3270.809,20078.125
364,5.422799964435399,3102.166,20453.125
365,9.119599999394268,5640.104,29343.75
366,9.835900040343404,67615.207,82312.5
367,12.769300024956465,19629.327,55421.875
368,48.682000022381544,51131.841,59453.125
369,75.10780001757666,42277.544,60156.25
370,49.39580004429445,45228.768,58093.75
371,62.20240000402555,43168.9,58468.75
372,9.166000003460795,3542.172,19000.0
373,8.171299996320158,3098.685,21750.0
374,7.336700044106692,3510.101,21031.25
375,4.9857000121846795,3054.208,18406.25
376,6.263999966904521,3012.214,18250.0
377,4.725400009192526,2992.652,17578.125
378,4.926699970383197,2944.272,17562.5
379,4.838199994992465,2946.547,17859.375
380,5.18720003310591,3197.799,19078.125
381,4.52940003015101,3013.868,17875.0
382,4.646799992769957,3265.398,18687.5
383,5.17680001212284,2733.31,18250.0
384,6.66130002355203,3349.995,21359.375
385,4.774999979417771,3186.647,18859.375
386,5.162199959158897,3200.219,19109.375
387,4.71900001866743,3237.222,18687.5
388,4.952099989168346,2635.386,18421.875
389,8.781599986832589,3333.539,25500.0
390,5.889099964406341,3492.589,21265.625
391,4.726100014522672,3091.517,19203.125
392,4.88050002604723,3114.021,19015.625
393,4.849800025112927,3147.847,20125.0
394,5.828000023029745,3373.242,19875.0
395,4.9029000219888985,3095.281,18671.875
396,4.83300001360476,3140.874,19343.75
397,4.775299981702119,3190.562,19750.0
398,4.593599995132536,3077.219,18656.25
399,4.836500040255487,3171.994,19140.625
400,5.010200024116784,3297.331,19625.0
401,5.881300021428615,3266.853,20156.25
402,4.801600007340312,3379.875,19781.25
403,6.03160000173375,3449.23,21906.25
404,5.50420000217855,3170.971,18781.25
405,4.859899985603988,3348.698,19781.25
406,5.440100037958473,3771.22,21796.875
407,5.912199965678155,3890.333,24781.25
408,9.237400023266673,4967.559,22562.5
409,6.504399992991239,3983.764,23375.0
410,6.552200007718056,4374.252,23531.25
411,6.002600013744086,4291.157,25078.125
412,6.044999987352639,3713.297,22156.25
413,5.5294000194408,3762.447,22312.5
414,5.776999983936548,4067.044,23515.625
415,6.605300004594028,3840.845,23125.0
416,4.710900015197694,3163.698,20000.0
417,4.887100018095225,3172.781,19046.875
418,4.8460999969393015,3352.885,20218.75
419,5.3730999934487045,3229.197,19437.5
420,5.0688000046648085,3272.128,19750.0
421,5.693000042811036,3527.127,20484.375
422,5.370400031097233,3267.26,19390.625
423,4.606599977705628,3251.122,19625.0
424,4.912600037641823,3267.876,19750.0
425,6.031500000972301,3220.436,18906.25
426,5.266899999696761,3229.357,19093.75
427,4.864600021392107,3182.993,19140.625
428,5.226400040555745,3233.098,19890.625
429,4.523799987509847,3290.071,19750.0
430,5.195399979129434,3286.141,18937.5
431,4.745699989143759,3209.586,19828.125
432,5.119599984027445,3186.101,18546.875
433,5.052799999248236,3251.345,19750.0
434,5.0965999835170805,3296.176,19703.125
435,4.680700018070638,3147.09,19343.75
436,4.790599981788546,3239.998,20156.25
437,4.59600001340732,3308.245,19390.625
438,5.356999987270683,3223.65,19609.375
439,5.631299980450422,3207.498,19296.875
440,4.890399985015392,3624.207,21625.0
441,4.998199990950525,3286.858,18859.375
442,5.805300024803728,3222.229,19828.125
443,4.757000016979873,3203.448,19000.0
444,4.834800027310848,3209.372,19156.25
445,4.860699991695583,3229.01,20000.0
446,5.16040000366047,2819.353,19109.375
447,6.874899961985648,4150.71,25062.5
448,5.349899991415441,4218.273,24859.375
449,5.27010002406314,3338.103,21203.125
450,4.752000037115067,3318.061,19437.5
451,5.210400035139173,3345.766,20765.625
452,5.649900005664676,3271.574,20093.75
453,4.593199992086738,3185.728,19625.0
454,4.810199956409633,2781.543,19109.375
455,7.300700002815574,3880.03,24500.0
456,4.882799985352904,3292.969,19437.5
457,4.472200002055615,3348.996,19406.25
458,5.063800024800003,3270.036,20265.625
459,4.794700013007969,3293.749,18984.375
460,5.186799971852452,3226.505,19640.625
461,5.203599983360618,3339.881,20531.25
462,4.704799968749285,3228.645,19406.25
463,4.7354999696835876,3258.07,19359.375
464,4.57380001898855,2865.535,18609.375
465,6.171899964101613,3562.032,23015.625
466,5.331400025170296,3299.799,19765.625
467,4.849299963098019,3181.422,20109.375
468,4.9149999977089465,3342.327,19296.875
469,4.57069999538362,3259.506,19500.0
470,5.229399946983904,3505.202,20750.0
471,5.523900035768747,3283.569,20093.75
472,4.898699990008026,3238.193,19078.125
473,5.101199960336089,3258.213,19875.0
474,4.754900000989437,3655.118,21640.625
475,4.906799993477762,3440.293,20125.0
476,6.066399975679815,3525.523,21078.125
477,5.642999953124672,3424.758,21203.125
478,5.032299959566444,3373.511,20531.25
479,4.772600019350648,3237.105,19781.25
480,5.0134999910369515,3305.594,20203.125
481,5.012100038584322,3725.475,21515.625
482,4.698899982031435,3504.117,20562.5
483,4.801700008101761,3337.01,19593.75
484,4.821799986530095,3241.015,18890.625
485,5.205800000112504,3272.227,19843.75
486,5.114300001878291,3241.035,19750.0
487,6.258200039155781,3411.371,20375.0
488,6.581099994946271,4084.507,24468.75
489,5.548699991777539,3529.13,21515.625
490,4.837099986616522,3311.506,20312.5
491,5.002200021408498,3314.325,20484.375
492,5.550500005483627,3282.778,19031.25
493,4.7556000063195825,3304.048,20046.875
494,5.134300037752837,3271.237,19406.25
495,4.567899974063039,3284.023,19984.375
496,4.812599974684417,3315.845,19953.125
497,4.939899954479188,3340.232,19656.25
498,4.862200003117323,3387.18,19500.0
499,4.781599971465766,3259.089,19765.625
500,4.911500029265881,3308.045,19406.25
501,5.717799998819828,3176.324,19265.625
502,5.35310001578182,3312.982,20343.75
503,5.030899948906153,3282.996,19625.0
504,4.87000000430271,3582.528,19781.25
505,5.868399981409311,5919.761,27500.0
506,50.705599947832525,89510.466,96125.0
507,92.71399996941909,42895.972,58859.375
508,46.810600033495575,39342.638,58781.25
509,42.19770000781864,34964.545,59468.75
510,40.1484000030905,35079.74,58750.0
511,29.45430000545457,4301.865,21656.25
512,6.413700000848621,3222.543,19093.75
513,5.2291000029072165,2654.647,15906.25
514,4.374300013296306,2665.572,16234.375
515,4.3317999807186425,2685.918,16203.125
516,4.6802000142633915,2804.525,16234.375
517,4.614299978129566,2816.958,16671.875
518,4.819999972824007,2794.475,17875.0
519,4.7370000393129885,2870.169,17031.25
520,4.678400000557303,2957.436,17984.375
521,5.2405999740585685,3039.539,17390.625
522,4.8121000290848315,3131.171,20093.75
523,12.710799986962229,3971.719,25562.5
524,4.866399976890534,3183.795,18703.125
525,5.2556999726220965,3023.577,18656.25
526,5.410199984908104,3040.452,18046.875
527,5.163200024981052,2954.382,17437.5
528,4.467599967028946,3380.694,18875.0
529,5.861299985554069,3376.122,20859.375
530,5.035399983171374,3038.794,18281.25
531,4.383599967695773,3344.991,19218.75
532,5.2690000156871974,2932.488,20046.875
533,6.2318999553099275,3270.645,20390.625
534,4.701300000306219,2915.593,17937.5
535,4.657300014514476,2993.68,17843.75
536,4.540800000540912,2996.686,18437.5
537,4.65519999852404,2936.541,17671.875
538,5.567499960307032,2996.79,18375.0
539,4.782500036526471,3095.513,18515.625
540,5.011199973523617,3375.21,19890.625
541,5.584500031545758,3055.529,18312.5
542,4.961800004821271,3155.443,18484.375
543,4.970199952367693,3416.686,21203.125
544,4.911100026220083,3080.079,19062.5
545,4.8185999621637166,3152.473,18281.25
546,5.395899992436171,3618.485,21187.5
547,5.976499989628792,99605.388,11718.75
548,5.62999997055158,1810.085,8281.25
549,4.080199985764921,1464.196,8546.875
550,3.6820999812334776,1531.906,8781.25
551,3.87000001501292,1269.802,8484.375
552,3.2177999964915216,1489.247,9125.0
553,4.081999999471009,1527.142,9218.75
554,3.559800039511174,1681.919,9078.125
555,3.662700008135289,1603.172,9531.25
556,3.448600007686764,1773.033,10328.125
557,3.4391999943181872,1687.942,9984.375
558,3.564200014807284,1767.83,10406.25
559,3.4378000418655574,1754.772,10437.5
560,4.407999978866428,1661.808,10531.25
561,3.4437000285834074,3747.613,17906.25
562,7.6923000160604715,4502.235,24062.5
563,5.220599996391684,3997.531,23734.375
564,4.641800012905151,3675.313,21750.0
565,4.954900010488927,3546.167,21656.25
